Feature,VIF
const,3.948079672060908
TV,1.0000000000000002
